<Theme>
  <Title>浅色主题</Title>
  <Editor>
    <Color>000000</Color>
    <Background>FFFFFF</Background>
    <SelectionColor>FFFFFF</SelectionColor>
    <SelectionBackground>0083EC</SelectionBackground>
    <OutlineBackground>FFFFFF</OutlineBackground>
    <OutlineColor>808080</OutlineColor>
    <LineNumberBackground>FFFFFF</LineNumberBackground>
    <LineNumberColor>008284</LineNumberColor>
    <SidebarBackground>E3E3E3</SidebarBackground>
    <Error>FF4444</Error>
    <MatchingBracket>FF0033</MatchingBracket>
    <MatchingBracketBackground>7AFFA3</MatchingBracketBackground>
    <HighlightWord>FFFF33</HighlightWord>
  </Editor>
  <Keywords>
    <Color>0000FF</Color>
    <CaseSensitive>true</CaseSensitive>
    <Keyword>begin</Keyword>
    <Keyword>end</Keyword>
    <Keyword>false</Keyword>
    <Keyword>true</Keyword>
    <Keyword>if</Keyword>
    <Keyword>lambda</Keyword>
    <Keyword>λ</Keyword>
    <Keyword>else</Keyword>
    <Keyword>elseif</Keyword>
    <Keyword>class</Keyword>
    <Keyword>function</Keyword>
    <Keyword>return</Keyword>
    <Keyword>while</Keyword>
    <Keyword>do</Keyword>
    <Keyword>namespace</Keyword>
    <Keyword>select</Keyword>
    <Keyword>case</Keyword>
    <Keyword>catch</Keyword>
    <Keyword>try</Keyword>
    <Keyword>for</Keyword>
    <Keyword>in</Keyword>
    <Keyword>this</Keyword>
    <Keyword>global</Keyword>
    <Keyword>self</Keyword>
    <Keyword>owner</Keyword>
    <Keyword>var</Keyword>
    <Keyword>def</Keyword>
    <Keyword>null</Keyword>
    <Keyword>and</Keyword>
    <Keyword>not</Keyword>
    <Keyword>or</Keyword>
    <Keyword>break</Keyword>
    <Keyword>continue</Keyword>
    <Keyword>import</Keyword>
    <Keyword>with</Keyword>
    <Keyword>ctor</Keyword>
    <Keyword>try</Keyword>
    <Keyword>catch</Keyword>
    <Keyword>eval</Keyword>
    <Keyword>import</Keyword>
    <Keyword>type</Keyword>
    <Keyword>assert</Keyword>
    <Keyword>assertf</Keyword>
    <Keyword>error</Keyword>
    <Keyword>rget</Keyword>
    <Keyword>callex</Keyword>
    <Keyword>errput</Keyword>
    <Keyword>loadcode</Keyword>
    <Keyword>dumpcode</Keyword>
    <Keyword>collectgarbage</Keyword>
    <Keyword>call</Keyword>
    <Keyword>invoke</Keyword>
    <Keyword>tostring</Keyword>
    <Keyword>topointer</Keyword>
    <Keyword>tonumber</Keyword>
    <Keyword>sleep</Keyword>
    <Keyword>execute</Keyword>
    <Keyword>setlocale</Keyword>
    <Keyword>setprivilege</Keyword>
    <Keyword>loadcodex</Keyword>
    <Keyword>reduce</Keyword>
  </Keywords>
  <Blocks>
    <Block>
      <Start>/*</Start>
      <End>*/</End>
      <CountMark>*</CountMark>
      <Color>"darkgreen"</Color>
      <WholeText>true</WholeText>
    </Block>
    <Block>
      <Start>?></Start>
      <End>
        <?
      </End>
      <Color>"darkgreen"</Color>
      <WholeText>true</WholeText>
    </Block>
    <Block>
      <Start>"</Start>
      <End>"</End>
      <Color>"darkred"</Color>
      <WholeText>true</WholeText>
    </Block>
    <Block>
      <Start>`</Start>
      <End>`</End>
      <Color>"darkred"</Color>
      <WholeText>true</WholeText>
    </Block>
    <Block>
      <Start>'</Start>
      <End>'</End>
      <Color>"darkred"</Color>
      <WholeText>true</WholeText>
      <Escape>\\</Escape>
    </Block>
    <Block>
      <Start>//</Start>
      <Color>"darkgreen"</Color>
      <WholeText>false</WholeText>
    </Block>
  </Blocks>
</Theme>